id;jhi_blob;jhi_blob_content_type;nome_file
1;../fake-data/blob/hipster.png;image/png;though abnormally
2;../fake-data/blob/hipster.png;image/png;dearly
3;../fake-data/blob/hipster.png;image/png;well inconsequential
4;../fake-data/blob/hipster.png;image/png;intelligent commandment cautiously
5;../fake-data/blob/hipster.png;image/png;worth
6;../fake-data/blob/hipster.png;image/png;boyfriend whereas
7;../fake-data/blob/hipster.png;image/png;understated wildly
8;../fake-data/blob/hipster.png;image/png;refract geez detailed
9;../fake-data/blob/hipster.png;image/png;needily likewise
10;../fake-data/blob/hipster.png;image/png;though louse physically
